UID,MLP,id,actual
84042071.0,57.121127454090015,0,57.0
84042073.0,1.9304190798569005,1,1.0
84042075.0,7.265157571134112,2,6.0
84042077.0,44.2347164904218,3,44.0
84042079.0,28.971042429593044,4,28.0
84042081.0,4.212724509026369,5,3.0
84042083.0,0.2895691099629726,6,0.0
84042085.0,0.2895691391159212,7,0.0
84042087.0,0.28956913092639164,8,0.0
84042089.0,19.468963217636226,9,18.0
84042091.0,130.05516601043865,10,129.0
84042093.0,0.2895691864425264,11,0.0
84042095.0,40.16440345544176,12,40.0
84042097.0,0.28956918337509663,13,0.0
84042099.0,0.2895691574832146,14,0.0
84042101.0,250.81715147622492,15,250.0
84042103.0,4.212724452178906,16,3.0
84042105.0,0.2895692418884979,17,0.0
84042107.0,7.265157639009342,18,6.0
84042109.0,0.2895692667461561,19,0.0
84042111.0,0.28956907715841884,20,0.0
84042113.0,0.28956907833192974,21,0.0
84042115.0,3.1414042251173973,22,2.0
84042117.0,0.28956912875014973,23,0.0
84042119.0,0.28956914344930135,24,0.0
84042121.0,0.2895691784070468,25,0.0
84042123.0,0.28956915362284136,26,0.0
84042125.0,1.037364677355319,27,1.0
84042127.0,1.9304191377561428,28,1.0
84042129.0,8.28073504215266,29,7.0
84042131.0,1.9304191309182497,30,1.0
84042133.0,5.234860025721592,31,4.0
84044001.0,0.2895690956191024,32,0.0
84044003.0,0.289569118276975,33,0.0
84044005.0,0.28956916679476324,34,0.0
84044007.0,0.2895691587370477,35,0.0
84044009.0,0.28956920556529286,36,0.0
84045001.0,0.2895691343723977,37,0.0
84045003.0,1.9304191521116936,38,1.0
84045005.0,0.2895691482260718,39,0.0
84045007.0,1.930419085154941,40,1.0
84045009.0,0.2895691234979805,41,0.0
84045011.0,0.28956908777467527,42,0.0
84045013.0,3.1414041914402357,43,2.0
84045015.0,3.1414041344408616,44,2.0
84045017.0,0.2895691484817212,45,0.0
84045019.0,3.1414041596880726,46,2.0
84045021.0,0.2895692116534465,47,0.0
84045023.0,0.2895691171895214,48,0.0
84045025.0,0.289569215988004,49,0.0
84045027.0,8.280735102170942,50,7.0
84045029.0,3.1414042457653597,51,2.0
84045031.0,1.9304191730188414,52,1.0
84045033.0,0.2895691414635386,53,0.0
84045035.0,0.28956920262616775,54,0.0
84045037.0,0.2895691226766246,55,0.0
84045039.0,3.8725417507565547,56,3.0
84045041.0,8.280735108361071,57,7.0
84045043.0,0.28956915121981924,58,0.0
84045045.0,11.328337017412721,59,10.0
84045047.0,0.289569124202972,60,0.0
84045049.0,0.28956918776020213,61,0.0
84045051.0,5.23486004800758,62,4.0
84045053.0,0.28956912785537103,63,0.0
84045055.0,3.141404276129243,64,2.0
84045057.0,0.28956914833684705,65,0.0
84045059.0,0.28956916188728626,66,0.0
84045061.0,3.1414042315738415,67,2.0
84045063.0,7.265157524717818,68,6.0
84045065.0,0.2895691243652864,69,0.0
84045067.0,0.28956921776106515,70,0.0
84045069.0,0.28956922219826237,71,0.0
84045071.0,0.28956914942064405,72,0.0
84045073.0,0.2895691851711892,73,0.0
84045075.0,0.28956910334695174,74,0.0
84045077.0,0.2895691340850702,75,0.0
84045079.0,13.363493581372882,76,12.0
84045081.0,0.289569141386553,77,0.0
84045083.0,4.212724446791063,78,3.0
84045085.0,4.212724493697917,79,3.0
84045087.0,0.28956914415520535,80,0.0
84045089.0,3.1414041374852544,81,2.0
84045091.0,1.930419248729768,82,1.0
84046003.0,0.28956914105511405,83,0.0
84046005.0,0.2895692069378917,84,0.0
84046007.0,0.28956912025334086,85,0.0
84046009.0,0.2895691985445663,86,0.0
84046011.0,0.28956924216839003,87,0.0
84046013.0,0.28956916524671616,88,0.0
84046015.0,0.28956922495567416,89,0.0
84046017.0,0.28956918844088286,90,0.0
84046019.0,0.2895691743147767,91,0.0
84046021.0,0.2895690932380691,92,0.0
84046023.0,0.28956909326687785,93,0.0
84046025.0,0.28956915449143017,94,0.0
84046027.0,0.28956914275187906,95,0.0
84046029.0,0.2895691763040576,96,0.0
84046031.0,0.28956916179066133,97,0.0
84046033.0,0.28956915652603105,98,0.0
84046035.0,0.2895691340817887,99,0.0
84046037.0,0.2895691367434632,100,0.0
84046039.0,0.2895692213032667,101,0.0
84046041.0,0.289569240249167,102,0.0
84046043.0,0.28956908600207265,103,0.0
84046045.0,0.28956911417836273,104,0.0
84046047.0,0.28956912915992744,105,0.0
84046049.0,0.28956910414772075,106,0.0
84046051.0,0.28956909971332967,107,0.0
84046053.0,0.2895690972162784,108,0.0
84046055.0,0.2895692005255473,109,0.0
84046057.0,0.2895691565346089,110,0.0
84046059.0,0.28956907744389626,111,0.0
84046061.0,0.2895691100470103,112,0.0
84046063.0,0.2895692055100688,113,0.0
84046065.0,0.289569149204546,114,0.0
84046067.0,0.2895691705978481,115,0.0
84046069.0,0.2895691641344034,116,0.0
84046071.0,0.28956916180993425,117,0.0
84046073.0,0.28956914747187934,118,0.0
84046075.0,0.2895691510522876,119,0.0
84046077.0,0.289569109709375,120,0.0
84046079.0,0.28956913184405036,121,0.0
84046081.0,0.2895692033759715,122,0.0
84046083.0,0.28956915482350154,123,0.0
84046085.0,0.2895690376157917,124,0.0
84046087.0,0.2895691400770296,125,0.0
84046089.0,0.28956916106633673,126,0.0
84046091.0,0.2895691687172679,127,0.0
84046093.0,0.289569071903461,128,0.0
84046095.0,0.28956916687029577,129,0.0
84046097.0,0.28956922065643576,130,0.0
84046099.0,10.311913328481033,131,9.0
84046101.0,0.289569119044971,132,0.0
84046102.0,0.2895691939255654,133,0.0
84046103.0,0.2895691523773461,134,0.0
84046105.0,0.2895691691144299,135,0.0
84046107.0,0.2895691367776918,136,0.0
84046109.0,0.28956912889339487,137,0.0
84046111.0,0.28956917641978536,138,0.0
84046115.0,0.28956916695961527,139,0.0
84046117.0,0.28956922813434777,140,0.0
84046119.0,0.2895691465152525,141,0.0
84046121.0,0.2895691679201577,142,0.0
84046123.0,0.2895691216400953,143,0.0
84046125.0,0.28956911730515555,144,0.0
84046127.0,0.289569127841291,145,0.0
84046129.0,0.2895691975708428,146,0.0
84046135.0,0.28956909545912335,147,0.0
84046137.0,0.28956910535706154,148,0.0
84047001.0,0.2895691300730283,149,0.0
84047003.0,0.2895691547719336,150,0.0
84047005.0,0.28956909772407474,151,0.0
84047007.0,0.28956917841034474,152,0.0
84047009.0,0.28956911001025654,153,0.0
84047011.0,0.28956916474447925,154,0.0
84047013.0,0.28956916985607506,155,0.0
84047015.0,0.2895691380320073,156,0.0
84047017.0,0.28956920574914446,157,0.0
84047019.0,0.28956912651810474,158,0.0
84047021.0,0.28956911953738856,159,0.0
84047023.0,0.2895691323220287,160,0.0
84047025.0,0.2895691319407137,161,0.0
84047027.0,0.2895691082625714,162,0.0
84047029.0,0.28956917235031354,163,0.0
84047031.0,0.28956914943948336,164,0.0
84047033.0,0.28956920231797917,165,0.0
84047035.0,0.28956915301182634,166,0.0
84047037.0,12.345915253949732,167,11.0
84047039.0,0.28956912545149427,168,0.0
84047041.0,0.2895690680395742,169,0.0
84047043.0,0.28956917067790705,170,0.0
84047045.0,0.28956905464116606,171,0.0
84047047.0,0.2895691902882689,172,0.0
84047049.0,0.2895692071363362,173,0.0
84047051.0,0.2895691951985466,174,0.0
84047053.0,0.2895691058543908,175,0.0
84047055.0,0.2895691050883582,176,0.0
84047057.0,0.2895691104121736,177,0.0
84047059.0,0.2895691272904099,178,0.0
84047061.0,0.28956915039239334,179,0.0
84047063.0,0.28956915525392757,180,0.0
84047065.0,3.1414042190798064,181,2.0
84047067.0,0.2895691306901361,182,0.0
84047069.0,0.2895691215172272,183,0.0
84047071.0,0.28956915191940097,184,0.0
84047073.0,0.2895691442328956,185,0.0
84047075.0,0.28956914723961,186,0.0
84047077.0,0.28956909875191744,187,0.0
84047079.0,0.2895691069933384,188,0.0
84047081.0,0.28956922850993333,189,0.0
84047083.0,0.28956914553086444,190,0.0
84047085.0,0.2895691575548983,191,0.0
84047087.0,0.28956917636992835,192,0.0
84047089.0,0.28956911132316127,193,0.0
84047091.0,0.2895692563473221,194,0.0
84047093.0,0.2895692006533748,195,0.0
84047095.0,0.28956914564582803,196,0.0
84047097.0,0.28956911140191144,197,0.0
84047099.0,0.28956916003514765,198,0.0
84047101.0,0.2895691452437775,199,0.0
84047103.0,0.28956913397697687,200,0.0
84047105.0,0.289569161951055,201,0.0
84047107.0,3.141404258266994,202,2.0
84047109.0,0.2895691154213991,203,0.0
84047111.0,0.2895690915944307,204,0.0
84047113.0,0.28956915361803787,205,0.0
84047115.0,0.2895691440699361,206,0.0
84047117.0,0.28956915853733434,207,0.0
84047119.0,0.2895691642324405,208,0.0
84047121.0,0.2895691784949501,209,0.0
84047123.0,0.2895691888070566,210,0.0
84047125.0,0.2895690675544593,211,0.0
84047127.0,0.2895691968660531,212,0.0
84047129.0,0.2895691623951373,213,0.0
84047131.0,0.2895691840527558,214,0.0
84047133.0,0.2895691413657161,215,0.0
84047135.0,0.2895691059804343,216,0.0
84047137.0,0.2895691427201921,217,0.0
84047139.0,0.2895690837845046,218,0.0
84047141.0,0.28956917231045354,219,1.0
84047143.0,0.2895691710347859,220,0.0
84047145.0,0.28956916907121477,221,0.0
84047147.0,0.28956917452997155,222,0.0
84047149.0,5.23485998759618,223,5.0
84047151.0,0.2895691298356261,224,0.0
84047153.0,0.28956915422341306,225,0.0
84047155.0,0.28956913719333466,226,0.0
84047157.0,21.84799441470732,227,21.0
84047159.0,0.28956910619136517,228,0.0
84047161.0,0.2895692047693917,229,0.0
84047163.0,0.2895692332553974,230,0.0
84047165.0,9.296324182626503,231,8.0
84047167.0,0.2895690944329189,232,0.0
84047169.0,0.289569131030696,233,0.0
84047171.0,0.2895691055577736,234,0.0
84047173.0,0.2895691721922839,235,0.0
84047175.0,0.2895690850143115,236,0.0
84047177.0,0.28956916734106125,237,0.0
84047179.0,0.2895691165324687,238,0.0
84047181.0,0.2895691286617641,239,0.0
84047183.0,0.28956917275824223,240,0.0
84047185.0,0.2895692356944696,241,0.0
84047187.0,2.38384851676991,242,2.0
84047189.0,1.9304192460824237,243,1.0
84048001.0,0.28956912014630926,244,0.0
84048003.0,0.28956917139252636,245,0.0
84048005.0,0.2895691835122973,246,0.0
84048007.0,0.289569205917475,247,0.0
84048009.0,0.2895691872074911,248,0.0
84048011.0,0.28956921828774473,249,0.0
84048013.0,0.2895691951377727,250,0.0
84048015.0,0.2895691188573172,251,0.0
84048017.0,0.289569176705541,252,0.0
84048019.0,0.28956914206796963,253,0.0
84048021.0,0.2895691357363141,254,0.0
84048023.0,0.289569165557845,255,0.0
84048025.0,0.28956915180730486,256,0.0
84048027.0,0.2895691566143446,257,0.0
84048029.0,14.381071831453985,258,13.0
84048031.0,0.28956921647125544,259,0.0
84048033.0,0.289569103615564,260,0.0
84048035.0,0.2895692154673283,261,0.0
84048037.0,1.9304192366771273,262,1.0
84048039.0,3.1414041697840878,263,2.0
84048041.0,4.212724453691033,264,3.0
84048043.0,0.28956917629484674,265,0.0
84048045.0,0.28956910159986693,266,0.0
84048047.0,0.2895692062284476,267,0.0
84048049.0,1.9304192161813953,268,1.0
84048051.0,0.2895691052272904,269,0.0
84048053.0,0.28956912900370124,270,0.0
84048055.0,0.2895692414810693,271,0.0
84048057.0,0.2895692590054119,272,0.0
84048059.0,0.2895691465545138,273,0.0
84048061.0,7.265157661668904,274,6.0
84048063.0,0.2895691527115825,275,0.0
84048065.0,0.28956913991074795,276,0.0
84048067.0,0.28956915370380754,277,0.0
84048069.0,0.289569120911137,278,0.0
84048071.0,0.2895690877760792,279,0.0
84048073.0,0.2895691839795145,280,0.0
84048075.0,0.2895692125608555,281,0.0
84048077.0,0.2895691563302117,282,0.0
84048079.0,0.2895691329965011,283,0.0
84048081.0,0.28956912649691846,284,0.0
84048083.0,0.289569109883378,285,0.0
84048085.0,7.265157631857642,286,6.0
84048087.0,0.28956908638500795,287,0.0
84048089.0,0.28956914887416557,288,0.0
84048091.0,1.930419244618288,289,1.0
84048093.0,0.28956915722598237,290,0.0
84048095.0,0.28956909158809174,291,0.0
84048097.0,0.2895691299841235,292,0.0
84048099.0,0.28956915638102493,293,0.0
84048101.0,0.28956914406748574,294,0.0
84048103.0,0.28956918078555416,295,0.0
84048105.0,0.2895691131945979,296,0.0
84048107.0,0.2895691902001611,297,0.0
84048109.0,0.2895691629313156,298,0.0
84048111.0,0.28956908261538133,299,0.0
84048113.0,44.9224659899522,300,45.0
84048115.0,0.289569185989245,301,0.0
84048117.0,3.1414040796236637,302,2.0
84048119.0,0.28956914708914,303,0.0
84048121.0,6.25000884970685,304,5.0
84048123.0,0.2895691378084781,305,0.0
84048125.0,0.2895691144164286,306,0.0
84048127.0,0.2895690970443257,307,0.0
84048129.0,0.2895691635253351,308,0.0
84048131.0,0.2895691421046741,309,0.0
84048133.0,0.289569150341748,310,0.0
84048135.0,0.2895692025334472,311,0.0
84048137.0,0.28956910880602743,312,0.0
84048139.0,3.141404215226991,313,2.0
84048141.0,15.742524937125571,314,16.0
84048143.0,0.2895691948140312,315,0.0
84048145.0,0.2895691415577791,316,0.0
84048147.0,0.28956911107353117,317,0.0
84048149.0,0.2895691466174061,318,0.0
84048151.0,0.28956912750455804,319,0.0
84048153.0,0.28956919260380815,320,0.0
84048155.0,0.28956914426528374,321,0.0
84048157.0,9.296324175263358,322,8.0
84048159.0,0.2895691164511608,323,0.0
84048161.0,0.2895691239706288,324,0.0
84048163.0,0.28956920935974373,325,0.0
84048165.0,0.28956918435571366,326,0.0
84048167.0,7.26515763458874,327,6.0
84048169.0,0.28956913765201275,328,0.0
84048171.0,0.28956911728383244,329,0.0
84048173.0,0.2895691385312099,330,0.0
84048175.0,0.28956918222912426,331,0.0
84048177.0,0.2895691350977872,332,0.0
84048179.0,0.2895691846688616,333,0.0
84048181.0,0.2895691733240602,334,0.0
84048183.0,1.9304191208864352,335,1.0
84048185.0,0.2895690978187753,336,0.0
84048187.0,0.2895690548224686,337,0.0
84048189.0,0.2895691558630699,338,0.0
84048191.0,0.2895692439453275,339,0.0
84048193.0,0.2895691625663749,340,0.0
84048195.0,0.2895691216408569,341,0.0
84048197.0,0.28956921114902695,342,0.0
84048199.0,0.2895690801296974,343,0.0
84048201.0,44.9084199337084,344,44.0
84048203.0,5.234859981549653,345,4.0
84048205.0,0.2895690850441658,346,0.0
84048207.0,0.28956916286028567,347,0.0
84048209.0,0.28956918774683316,348,0.0
84048211.0,0.2895690759493172,349,0.0
84048213.0,0.2895692538916899,350,0.0
84048215.0,2.3838485295721417,351,2.0
84048217.0,0.2895690786186985,352,0.0
84048219.0,0.28956915885875756,353,0.0
84048221.0,0.2895691240786894,354,0.0
84048223.0,0.2895692236816119,355,0.0
84048225.0,0.2895691755471219,356,0.0
84048227.0,0.2895690810321415,357,0.0
84048229.0,0.28956909841130685,358,0.0
84048231.0,0.2895691570751049,359,0.0
84048233.0,0.2895691561405936,360,0.0
84048235.0,0.2895691056644868,361,0.0
84048237.0,0.28956916203471494,362,0.0
84048239.0,0.2895692118037226,363,0.0
84048241.0,0.28956914340240614,364,0.0
84048243.0,0.28956916416543627,365,0.0
84048245.0,6.250008810937847,366,5.0
84048247.0,0.2895691108862072,367,0.0
84048249.0,0.289569197215388,368,0.0
84048251.0,0.28956915210835027,369,0.0
84048253.0,0.28956916877181993,370,0.0
84048255.0,0.28956912148838004,371,0.0
84048257.0,0.28956911157404885,372,0.0
84048259.0,0.2895691517112703,373,0.0
84048261.0,0.289569206217028,374,0.0
84048263.0,0.2895690868019655,375,0.0
84048265.0,0.2895691115210997,376,0.0
84048267.0,0.28956923151841313,377,0.0
84048269.0,0.2895691517875807,378,0.0
84048271.0,0.2895692285860487,379,0.0
84048273.0,0.28956913775390547,380,0.0
84048275.0,0.2895691401328131,381,0.0
84048277.0,3.1414042257934263,382,2.0
84048279.0,0.28956912613514296,383,0.0
84048281.0,0.28956914863473737,384,0.0
84048283.0,0.28956908796474634,385,0.0
84048285.0,0.28956920637016853,386,0.0
84048287.0,0.28956917973554236,387,0.0
84048289.0,0.289569202941739,388,0.0
84048291.0,0.28956914762215297,389,0.0
84048293.0,0.2895691464194501,390,0.0
84048295.0,0.2895691714376888,391,0.0
84048297.0,0.2895691968897415,392,0.0
84048299.0,0.2895691243285256,393,0.0
84048301.0,0.2895691429629887,394,0.0
84048303.0,10.311913295569745,395,9.0
84048305.0,0.2895691647069967,396,0.0
84048307.0,0.28956913048303806,397,0.0
84048309.0,0.2895691959922993,398,0.0
84048311.0,0.28956904442753323,399,0.0
84048313.0,0.2895691800050095,400,0.0
84048315.0,0.28956917243392677,401,0.0
84048317.0,0.2895692072427517,402,0.0
84048319.0,0.28956914435839276,403,0.0
84048321.0,0.2895690619617526,404,0.0
84048323.0,0.28956910609882897,405,0.0
84048325.0,0.2895691596429666,406,0.0
84048327.0,0.2895691782819163,407,0.0
84048329.0,3.1414040794257634,408,2.0
84048331.0,0.2895690908757279,409,0.0
84048333.0,0.2895691494824207,410,0.0
84048335.0,0.28956914353955476,411,0.0
84048337.0,0.2895691650089183,412,0.0
84048339.0,5.234859988182513,413,4.0
84048341.0,3.1414041096453067,414,2.0
84048343.0,0.28956907031066675,415,0.0
84048345.0,0.28956914605102,416,0.0
84048347.0,4.212724456408367,417,3.0
84048349.0,0.2895691717485548,418,0.0
84048351.0,0.28956918458766895,419,0.0
84048353.0,0.28956913162542036,420,0.0
84048355.0,0.2895690851976303,421,0.0
84048357.0,0.2895691577722887,422,0.0
84048359.0,0.2895692120806142,423,0.0
84048361.0,0.2895691150285856,424,0.0
84048363.0,0.28956917709679375,425,0.0
84048365.0,5.2348600408617525,426,4.0
84048367.0,0.28956918485576916,427,0.0
84048369.0,0.2895692010112324,428,0.0
84048371.0,0.28956913216698377,429,0.0
84048373.0,0.28956913081415026,430,0.0
84048375.0,6.2500088480493945,431,5.0
84048377.0,0.28956917057474324,432,0.0
84048379.0,0.2895691459528428,433,0.0
84048381.0,1.9304191017768142,434,1.0
84048383.0,0.28956923929559775,435,0.0
84048385.0,0.28956914151640356,436,0.0
84048387.0,1.930419290538681,437,1.0
84048389.0,0.2895691261226471,438,0.0
84048391.0,0.2895691107092171,439,0.0
84048393.0,0.28956916265723653,440,0.0
84048395.0,0.28956918870738635,441,0.0
84048397.0,3.141404195550885,442,2.0
84048399.0,0.289569145254314,443,0.0
84048401.0,0.2895691596181918,444,0.0
84048403.0,0.28956907478339694,445,0.0
84048405.0,0.2895691363524873,446,0.0
84048407.0,0.2895691984226407,447,0.0
84048409.0,0.28956915900906816,448,0.0
84048411.0,0.28956915558641816,449,0.0
84048413.0,0.2895691737022915,450,0.0
84048415.0,0.28956913350404606,451,0.0
84048417.0,0.2895692219537126,452,0.0
84048419.0,1.930419223040791,453,1.0
84048421.0,0.2895691898295616,454,0.0
84048423.0,0.28956920609176884,455,0.0
84048425.0,0.2895690688474009,456,0.0
84048427.0,0.28956915501532726,457,0.0
84048429.0,0.28956918444439944,458,0.0
84048431.0,0.2895691722185059,459,0.0
84048433.0,0.2895691203140708,460,0.0
84048435.0,0.28956917807631755,461,0.0
84048437.0,0.28956921674509867,462,0.0
84048439.0,31.679902409324956,463,30.0
84048441.0,0.28956921240195854,464,0.0
84048443.0,0.2895691493328146,465,0.0
84048445.0,0.2895691271895595,466,0.0
84048447.0,0.2895691254453498,467,0.0
84048449.0,0.28956914601201567,468,0.0
84048451.0,0.2895691645349382,469,0.0
84048453.0,18.451384917877633,470,17.0
84048455.0,0.28956924305727055,471,0.0
84048457.0,0.28956914141124196,472,0.0
84048459.0,0.28956917704539165,473,0.0
84048461.0,0.28956917054073905,474,0.0
84048463.0,0.2895691519671483,475,0.0
84048465.0,0.28956914321590327,476,0.0
84048467.0,0.28956917921771264,477,0.0
84048469.0,1.9304192041842976,478,1.0
84048471.0,5.565730511404213,479,4.0
84048473.0,0.2895691896205954,480,0.0
84048475.0,0.2895691706181576,481,0.0
84048477.0,5.234859990142827,482,4.0
84048479.0,4.212724589575294,483,3.0
84048481.0,0.28956918103811724,484,0.0
84048483.0,0.2895691733730646,485,0.0
84048485.0,0.2895691604871271,486,0.0
84048487.0,0.28956920419873394,487,0.0
84048489.0,0.2895691790521542,488,0.0
84048491.0,5.234860060201028,489,4.0
84048493.0,0.2895691486860863,490,0.0
84048495.0,0.289569143005187,491,0.0
84048497.0,0.28956918075495885,492,0.0
84048499.0,0.28956914476062345,493,0.0
84048501.0,0.28956918369508305,494,0.0
84048503.0,0.28956909971294664,495,0.0
84048505.0,0.2895691384442125,496,0.0
84048507.0,0.289569257834882,497,0.0
84049001.0,0.28956915388410076,498,0.0
84049003.0,0.2895691600621108,499,0.0
84049005.0,0.2895692011158398,500,0.0
84049007.0,0.2895691044849479,501,0.0
84049009.0,0.28956916249682424,502,0.0
84049011.0,0.28956918202950266,503,0.0
84049013.0,0.2895691501286389,504,0.0
84049015.0,0.28956909142920206,505,0.0
84049017.0,0.2895691097162229,506,0.0
84049019.0,0.28956914341612466,507,0.0
84049021.0,0.2895691695536223,508,0.0
84049023.0,0.2895691516806618,509,0.0
84049025.0,0.2895691580716441,510,0.0
84049027.0,0.2895691301269788,511,0.0
84049029.0,0.2895692144793423,512,0.0
84049031.0,0.2895691421564718,513,0.0
84049033.0,0.28956920781066303,514,0.0
84049035.0,14.38107184790882,515,14.0
84049037.0,0.2895691873092196,516,0.0
84049039.0,0.2895691140876449,517,0.0
84049041.0,0.2895691454764151,518,0.0
84049043.0,0.28956916967153756,519,0.0
84049045.0,0.2895691308183169,520,0.0
84049047.0,0.2895691462653549,521,0.0
84049049.0,4.212724432969305,522,3.0
84049051.0,0.2895692126048814,523,0.0
84049053.0,0.2895691935728795,524,0.0
84049055.0,0.2895691051929848,525,0.0
84049057.0,0.2895691554623777,526,0.0
84050001.0,0.2895692389793688,527,0.0
84050003.0,0.2895691791427792,528,0.0
84050005.0,0.2895691716264939,529,0.0
84050007.0,8.280735108497678,530,7.0
84050009.0,0.2895690953418892,531,0.0
84050011.0,0.2895691692714761,532,0.0
84050013.0,0.2895691232195502,533,0.0
84050015.0,0.2895691459149918,534,0.0
84050017.0,0.28956918587942027,535,0.0
84050019.0,0.2895691522291588,536,0.0
84050021.0,0.28956917036614416,537,0.0
84050023.0,0.2895691314957672,538,0.0
84050025.0,0.2895691400414889,539,0.0
84050027.0,0.2895691192007094,540,0.0
84051001.0,3.14140419892074,541,2.0
84051003.0,1.9304191864062215,542,1.0
84051005.0,0.28956912834129467,543,0.0
84051007.0,0.2895691738897163,544,0.0
84051009.0,0.2895690775408935,545,0.0
84051011.0,0.2895691228462208,546,0.0
84051013.0,22.52169793595424,547,22.0
84051015.0,0.2895691815296254,548,0.0
84051017.0,0.28956915677615236,549,0.0
84051019.0,0.28956912442045424,550,0.0
84051021.0,0.2895692340482069,551,0.0
84051023.0,0.28956915419562607,552,0.0
84051025.0,0.289569166478997,553,0.0
84051027.0,0.2895692204606733,554,0.0
84051029.0,0.28956912715814925,555,0.0
84051031.0,0.2895691390350533,556,0.0
84051033.0,0.28956915164544583,557,0.0
84051035.0,0.28956917124102555,558,0.0
84051036.0,0.2895692010478907,559,0.0
84051037.0,0.28956917083530004,560,0.0
84051041.0,7.265157551500203,561,6.0
84051043.0,0.2895691249277361,562,0.0
84051045.0,0.2895692070132732,563,0.0
84051047.0,1.9304192188928815,564,1.0
84051049.0,0.2895691558184222,565,0.0
84051051.0,0.2895692248404114,566,0.0
84051053.0,0.28956913711685184,567,0.0
84051057.0,0.2895691610428518,568,0.0
84051059.0,73.74448632157441,569,73.0
84051061.0,1.9304191066716054,570,1.0
84051063.0,0.28956921118242174,571,0.0
84051065.0,1.930419133336877,572,1.0
84051067.0,0.2895691661636149,573,0.0
84051069.0,0.2895691223767307,574,0.0
84051071.0,0.2895691451504367,575,0.0
84051073.0,0.28956914955988394,576,0.0
84051075.0,1.9304191257569383,577,1.0
84051077.0,0.28956919561435907,578,0.0
84051079.0,0.2895691547929539,579,0.0
84051081.0,1.9304191832993174,580,1.0
84051083.0,0.2895691097297693,581,0.0
84051085.0,5.234859989520665,582,4.0
84051087.0,25.574432765989787,583,24.0
84051089.0,0.2895691461433298,584,0.0
84051091.0,0.2895691324898473,585,0.0
84051093.0,0.2895691544662632,586,0.0
84051095.0,3.1414041753717146,587,2.0
84051097.0,0.289569131935047,588,0.0
84051099.0,0.28956919078655785,589,0.0
84051101.0,0.28956908818493854,590,0.0
84051103.0,0.2895691594914149,591,0.0
84051105.0,0.28956914577246406,592,0.0
84051107.0,13.031896539776321,593,12.0
84051109.0,0.28956910542562103,594,0.0
84051111.0,0.2895691095977134,595,0.0
84051113.0,0.2895691164643953,596,0.0
84051115.0,0.2895692105217159,597,0.0
84051117.0,4.565848327673079,598,4.0
84051119.0,0.28956909690995836,599,0.0
84051121.0,0.28956912884288066,600,0.0
84051125.0,0.2895691657250824,601,0.0
84051127.0,0.28956923805840235,602,0.0
84051131.0,5.234860088460239,603,4.0
84051133.0,0.2895691545339807,604,0.0
84051135.0,0.2895692138303672,605,0.0
84051137.0,0.28956917776728774,606,0.0
84051139.0,4.565848328529758,607,4.0
84051141.0,0.289569146702373,608,0.0
84051143.0,0.2895691140338112,609,0.0
84051145.0,0.2895691468100319,610,0.0
84051147.0,0.2895691637494435,611,0.0
84051149.0,0.2895691562495582,612,0.0
84051153.0,20.48654139950551,613,20.0
84051155.0,0.2895691356273609,614,0.0
84051157.0,0.28956922087293313,615,0.0
84051159.0,0.28956912095374154,616,0.0
84051161.0,1.9304192204519046,617,1.0
84051163.0,0.289569171000644,618,0.0
84051165.0,1.9304192142310874,619,1.0
84051167.0,0.2895691906500675,620,0.0
84051169.0,0.28956907562855927,621,0.0
84051171.0,4.565848353522505,622,4.0
84051173.0,0.2895691702919273,623,0.0
84051175.0,0.28956919389421387,624,0.0
84051177.0,1.9304192105908569,625,1.0
84051179.0,0.28956915234749064,626,0.0
84051181.0,0.28956915692743185,627,0.0
84051183.0,0.2895691028370431,628,0.0
84051185.0,0.28956917931863374,629,0.0
84051187.0,0.2895691703172496,630,0.0
84051191.0,0.2895692335102402,631,0.0
84051193.0,0.289569131791085,632,0.0
84051195.0,0.28956917103174423,633,0.0
84051197.0,0.28956914647052967,634,0.0
84051199.0,0.28956912768030846,635,0.0
84051510.0,9.296324193321198,636,8.0
84051520.0,0.2895691535651894,637,0.0
84051530.0,0.2895691651774144,638,0.0
84051540.0,0.2895691672489488,639,0.0
84051550.0,3.141404190483562,640,2.0
84051570.0,4.212724515733139,641,3.0
84051580.0,0.2895690882840811,642,0.0
84051590.0,0.28956901367430665,643,0.0
84051595.0,1.5524867315671729,644,1.0
84051600.0,1.9304192434189855,645,1.0
84051610.0,1.9304191838264406,646,1.0
84051620.0,0.28956915965177743,647,0.0
84051630.0,0.289569169743719,648,0.0
84051640.0,0.28956910318441326,649,0.0
84051650.0,0.2895691222617985,650,0.0
84051660.0,5.234860040697517,651,4.0
84051670.0,0.28956907223628325,652,0.0
84051678.0,0.28956918313037644,653,0.0
84051680.0,0.2895691877212922,654,0.0
84051683.0,2.769722309623977,655,2.0
84051685.0,1.9304191546481408,656,1.0
84051690.0,0.2895690919296121,657,0.0
84051700.0,1.9304191359968668,658,1.0
84051710.0,1.9304191710932355,659,1.0
84051720.0,0.28956920273617937,660,0.0
84051730.0,0.289569164406912,661,0.0
84051735.0,0.28956906327327747,662,0.0
84051740.0,3.1414041714118977,663,2.0
84051750.0,0.28956918449492497,664,0.0
84051760.0,5.234859954407676,665,4.0
84051770.0,1.93041919009944,666,1.0
84051775.0,0.28956924236611437,667,0.0
84051790.0,0.28956917437343405,668,0.0
84051800.0,6.934287089071174,669,6.0
84051810.0,5.234860050052066,670,4.0
84051820.0,0.2895692349339732,671,0.0
84051830.0,0.2895691380475579,672,0.0
84051840.0,0.28956921306479316,673,0.0
84053001.0,0.28956912887288194,674,0.0
84053003.0,0.2895691524424397,675,0.0
84053005.0,12.345915306268516,676,11.0
84053007.0,1.9304191159798485,677,1.0
84053009.0,0.2895691356814046,678,0.0
84053011.0,5.234860062580248,679,4.0
84053013.0,0.28956922469823054,680,0.0
84053015.0,0.289569080754579,681,0.0
84053017.0,0.2895690777578415,682,0.0
84053019.0,0.28956912793176576,683,0.0
84053021.0,4.212724538993511,684,3.0
84053023.0,0.2895691424680843,685,0.0
84053025.0,0.2895690780479243,686,0.0
84053027.0,0.289569200688866,687,0.0
84053029.0,3.1414041743221954,688,2.0
84053031.0,0.28956916902168206,689,0.0
84053033.0,107.99827271892696,690,105.0
84053035.0,0.28956910216563175,691,0.0
84053037.0,0.2895691430829203,692,0.0
84053039.0,0.28956917361105927,693,0.0
84053041.0,0.2895691579443935,694,0.0
84053043.0,0.2895692003031546,695,0.0
84053045.0,0.2895691368770187,696,0.0
84053047.0,0.2895691387723516,697,0.0
84053049.0,0.28956917603043747,698,0.0
84053051.0,0.2895691433712647,699,0.0
84053053.0,15.39865010574024,700,15.0
84053055.0,0.28956913935627127,701,0.0
84053057.0,3.1414041390962844,702,2.0
84053059.0,0.28956917418180106,703,0.0
84053061.0,28.627167654524275,704,27.0
84053063.0,6.93428716093384,705,6.0
84053065.0,0.2895691685236214,706,0.0
84053067.0,0.2895691272080726,707,0.0
84053069.0,0.28956915594750937,708,0.0
84053071.0,0.28956915304196107,709,0.0
84053073.0,7.265157723896284,710,6.0
84053075.0,0.2895691378472281,711,0.0
84053077.0,18.451384898721333,712,17.0
84054001.0,0.28956917770689067,713,0.0
84054003.0,1.930419171713595,714,1.0
84054005.0,0.2895692163056198,715,0.0
84054007.0,0.2895691187415486,716,0.0
84054009.0,0.2895692115154953,717,0.0
84054011.0,0.2895690757588128,718,0.0
84054013.0,0.28956908211160876,719,0.0
84054015.0,0.28956914040120485,720,0.0
84054017.0,0.2895691523446897,721,0.0
84054019.0,0.2895692129796701,722,0.0
84054021.0,0.2895691847378714,723,0.0
84054023.0,0.28956914226459024,724,0.0
84054025.0,0.28956910017986875,725,0.0
84054027.0,0.2895690839859385,726,0.0
84054029.0,0.28956918470490006,727,0.0
84054031.0,0.2895691156518842,728,0.0
84054033.0,0.2895691013464721,729,0.0
84054035.0,4.212724475527719,730,3.0
84054037.0,0.2895691844365045,731,0.0
84054039.0,4.21272453523028,732,3.0
84054041.0,0.28956922105101424,733,0.0
84054043.0,0.28956916076938366,734,0.0
84054045.0,0.2895690968245645,735,0.0
84054047.0,0.28956911503138755,736,0.0
84054049.0,0.2895691636015451,737,0.0
84054051.0,0.28956913986605987,738,0.0
84054053.0,0.28956913758434616,739,0.0
84054055.0,0.28956913410420565,740,0.0
84054057.0,0.28956915550972684,741,0.0
84054059.0,0.28956911807495006,742,0.0
84054061.0,0.2895692154198281,743,0.0
84054063.0,0.2895691897946213,744,0.0
84054065.0,0.2895691429300175,745,0.0
84054067.0,0.2895691718925123,746,0.0
84054069.0,0.28956908690001293,747,0.0
84054071.0,0.2895691192778321,748,0.0
84054073.0,0.2895691824350197,749,0.0
84054075.0,0.2895691926855131,750,0.0
84054077.0,0.2895691147054945,751,0.0
84054079.0,0.28956914849060866,752,0.0
84054081.0,0.2895691919206959,753,0.0
84054083.0,0.2895691526591269,754,0.0
84054085.0,0.28956916871419325,755,0.0
84054087.0,0.28956909681181353,756,0.0
84054089.0,0.2895691795222935,757,0.0
84054091.0,0.28956915534027133,758,0.0
84054093.0,0.28956917471736887,759,0.0
84054095.0,0.28956914235414816,760,0.0
84054097.0,0.28956913528875844,761,0.0
84054099.0,1.9304191569108642,762,1.0
84054101.0,0.2895690443155156,763,0.0
84054103.0,0.2895691546609268,764,0.0
84054105.0,0.2895691536497271,765,0.0
84054107.0,0.2895691653099437,766,0.0
84054109.0,0.2895691268186495,767,0.0
84055001.0,0.28956915356586505,768,0.0
84055003.0,0.2895691541513586,769,0.0
84055005.0,0.2895691627728818,770,0.0
84055007.0,0.289569167903937,771,0.0
84055009.0,7.265157684649718,772,6.0
84055011.0,0.28956911649819583,773,0.0
84055013.0,0.28956913354832425,774,0.0
84055015.0,0.28956918264984916,775,0.0
84055017.0,0.28956915826965846,776,0.0
84055019.0,0.28956911919658707,777,0.0
84055021.0,0.2895692087481942,778,0.0
84055023.0,0.2895691267877178,779,0.0
84055025.0,6.250008856636177,780,5.0
84055027.0,0.28956907437734863,781,0.0
84055029.0,0.28956915715154286,782,0.0
84055031.0,0.28956911967086524,783,0.0
84055033.0,0.2895691349008311,784,0.0
84055035.0,0.28956912124927414,785,0.0
84055037.0,0.28956916420776146,786,0.0
84055039.0,0.28956912809655483,787,0.0
84055041.0,0.28956920249479,788,0.0
84055043.0,3.141404143192289,789,2.0
84055045.0,0.2895691275083448,790,0.0
84055047.0,0.28956920851863344,791,0.0
84055049.0,0.28956916220221585,792,0.0
84055051.0,0.28956914690562807,793,0.0
84055053.0,0.28956907901506035,794,0.0
84055055.0,0.2895691243132457,795,0.0
84055057.0,0.2895691743889509,796,0.0
84055059.0,6.250008789557062,797,5.0
84055061.0,0.28956917937573434,798,0.0
84055063.0,0.2895691275122941,799,0.0
84055065.0,0.2895691452782308,800,0.0
84055067.0,0.2895691174677247,801,0.0
84055069.0,0.28956920470470565,802,0.0
84055071.0,0.2895691539107442,803,0.0
84055073.0,0.2895691287936455,804,0.0
84055075.0,0.2895691383812832,805,0.0
84055077.0,0.28956922339727426,806,0.0
84055078.0,0.28956913466549017,807,0.0
84055079.0,57.80710878721942,808,58.0
84055081.0,0.28956911206937375,809,0.0
84055083.0,0.28956906048507414,810,0.0
84055085.0,0.28956913131796647,811,0.0
84055087.0,1.930419155950051,812,1.0
84055089.0,3.141404199984778,813,2.0
84055091.0,0.28956914135544354,814,0.0
84055093.0,0.28956917574479346,815,0.0
84055095.0,0.2895691453498765,816,0.0
84055097.0,0.2895690835909415,817,0.0
84055099.0,0.289569186328319,818,0.0
84055101.0,7.949685425122145,819,7.0
84055103.0,0.28956921751635206,820,0.0
84055105.0,4.2127244490811355,821,3.0
84055107.0,0.28956907676619914,822,0.0
84055109.0,0.2895691567255578,823,0.0
84055111.0,0.28956924629891817,824,0.0
84055113.0,0.2895691205046116,825,0.0
84055115.0,0.2895691462380995,826,0.0
84055117.0,0.2895691839445863,827,0.0
84055119.0,0.28956916325129717,828,0.0
84055121.0,0.28956908279527255,829,0.0
84055123.0,0.2895691173873088,830,0.0
84055125.0,0.2895691917093996,831,0.0
84055127.0,4.2127244879569465,832,3.0
84055129.0,0.2895691795139747,833,0.0
84055131.0,1.9304191845971974,834,1.0
84055133.0,6.250008787301499,835,5.0
84055135.0,0.28956907149777006,836,0.0
84055137.0,0.2895691272970897,837,0.0
84055139.0,1.9304191686558136,838,1.0
84055141.0,0.28956911650757494,839,0.0
84056001.0,0.2895692174496872,840,0.0
84056003.0,0.28956913801313733,841,0.0
84056005.0,0.2895691073363368,842,0.0
84056007.0,0.28956920003412795,843,0.0
84056009.0,0.2895691454899978,844,0.0
84056011.0,0.2895691390313624,845,0.0
84056013.0,0.2895691274806436,846,0.0
84056015.0,0.2895691868357151,847,0.0
84056017.0,0.2895691556873503,848,0.0
84056019.0,0.28956917567836093,849,0.0
84056021.0,0.28956917129896226,850,0.0
84056023.0,0.2895691295803095,851,0.0
84056025.0,0.2895691008745608,852,0.0
84056027.0,0.28956912824783787,853,0.0
84056029.0,0.2895691265842384,854,0.0
84056031.0,0.28956924394811634,855,0.0
84056033.0,0.2895692460177628,856,0.0
84056035.0,0.2895691363620678,857,0.0
84056037.0,0.28956917779559704,858,0.0
84056039.0,0.28956916028789004,859,0.0
84056041.0,0.289569139544045,860,0.0
84056043.0,0.28956916541394706,861,0.0
84056045.0,0.2895692070063516,862,0.0
84070002.0,0.2895690867341498,863,0.0
84070003.0,5.234860059233088,864,4.0
84080001.0,0.2895691428047525,865,0.0
84080002.0,0.28956918430478035,866,0.0
84080004.0,0.28956911430049814,867,0.0
84080005.0,0.289569130562144,868,0.0
84080006.0,0.2895691433226638,869,0.0
84080008.0,0.28956919512648416,870,0.0
84080009.0,0.2895691414296555,871,0.0
84080010.0,0.28956914059135547,872,0.0
84080011.0,0.28956917958998796,873,0.0
84080012.0,0.2895691906160093,874,0.0
84080013.0,6.922180011632381,875,5.0
84080015.0,0.2895691687023085,876,0.0
84080016.0,0.28956915065899413,877,0.0
84080017.0,0.2895691260408689,878,0.0
84080018.0,0.28956926364129637,879,0.0
84080019.0,0.2895691529754378,880,0.0
84080020.0,0.2895690642676574,881,0.0
84080021.0,0.2895691373741068,882,0.0
84080022.0,0.2895690733631216,883,0.0
84080023.0,0.28956910635995237,884,0.0
84080024.0,0.289569092734375,885,0.0
84080025.0,0.28956915111100456,886,0.0
84080026.0,0.2895691694516698,887,0.0
84080027.0,0.28956911001963975,888,0.0
84080028.0,0.28956908208044513,889,0.0
84080029.0,0.28956911850719685,890,0.0
84080030.0,0.2895690876754239,891,0.0
84080031.0,0.28956917258090126,892,0.0
84080032.0,0.28956917023244255,893,0.0
84080033.0,0.28956914719435894,894,0.0
84080034.0,0.289569150167335,895,0.0
84080035.0,0.2895691637803334,896,0.0
84080036.0,0.28956916722407605,897,0.0
84080037.0,0.2895691542117449,898,0.0
84080038.0,0.2895691910998405,899,0.0
84080039.0,0.28956909519456625,900,0.0
84080040.0,0.2895691247790702,901,0.0
84080041.0,0.2895691511173105,902,0.0
84080042.0,0.28956916126623916,903,0.0
84080044.0,0.2895691986443517,904,0.0
84080045.0,0.2895692085982487,905,0.0
84080046.0,0.28956918447130303,906,0.0
84080047.0,0.28956913623019986,907,0.0
84080048.0,0.28956908016348987,908,0.0
84080049.0,0.28956922243517,909,0.0
84080050.0,0.289569070202568,910,0.0
84080051.0,0.2895691198621696,911,0.0
84080053.0,0.28956921947355546,912,0.0
84080054.0,0.28956914956789015,913,0.0
84080055.0,0.28956915460910426,914,0.0
84080056.0,0.28956917282885386,915,0.0
84088888.0,0.2895691173604537,916,0.0
84090001.0,0.28956909361234767,917,0.0
84090002.0,0.28956917603004056,918,0.0
84090004.0,0.2895691191111068,919,0.0
84090005.0,0.28956914960924357,920,0.0
84090006.0,0.28956927176263625,921,0.0
84090008.0,0.28956915352590107,922,0.0
84090009.0,0.28956920235064937,923,0.0
84090010.0,0.2895691675697771,924,0.0
84090011.0,0.2895691310269861,925,0.0
84090012.0,0.2895691226265833,926,0.0
84090013.0,0.289569160075214,927,0.0
84090015.0,0.2895691919468415,928,0.0
84090016.0,0.28956916939099736,929,0.0
84090017.0,0.2895691364759026,930,0.0
84090018.0,32.367652056704685,931,32.0
84090019.0,0.2895691487572652,932,0.0
84090020.0,0.28956912568329946,933,0.0
84090021.0,0.2895691358139631,934,0.0
84090022.0,21.172522691561742,935,20.0
84090023.0,0.2895691507659883,936,0.0
84090024.0,10.314164489286519,937,9.0
84090025.0,2.7697224058693286,938,2.0
84090026.0,0.28956912028118004,939,0.0
84090027.0,1.9304191787700102,940,2.0
84090028.0,0.28956905687484974,941,0.0
84090029.0,0.28956912666928325,942,0.0
84090030.0,0.289569098342483,943,0.0
84090031.0,7.265157554798159,944,6.0
84090032.0,0.28956920261568797,945,0.0
84090033.0,0.28956907193459025,946,0.0
84090034.0,0.2895690510156955,947,0.0
84090035.0,0.28956916909343383,948,0.0
84090036.0,0.289569179879695,949,0.0
84090037.0,0.2895691564763042,950,0.0
84090038.0,1.4438991276465267,951,0.0
84090039.0,0.289569184678836,952,0.0
84090040.0,0.28956912219565356,953,0.0
84090041.0,0.289569237441368,954,0.0
84090042.0,0.2895691871152725,955,0.0
84090044.0,137.17821385697783,956,136.0
84090045.0,0.2895690921332573,957,0.0
84090046.0,0.28956910110948814,958,0.0
84090047.0,0.2895691474702978,959,0.0
84090048.0,0.2895691297255967,960,0.0
84090049.0,0.2895691151425236,961,0.0
84090050.0,0.28956918089445016,962,0.0
84090051.0,0.28956915796678223,963,0.0
84090053.0,0.28956915833076163,964,0.0
84090054.0,0.2895691793438544,965,0.0
84090055.0,0.28956920610182174,966,0.0
84090056.0,3.1414042188880096,967,2.0
84099999.0,0.28956914069332873,968,0.0
84070004.0,13.363493581279783,969,12.0
84070005.0,0.2895691671461109,970,0.0
84070015.0,0.28956917153393696,971,0.0
84070016.0,0.28956910158949495,972,0.0
84070017.0,0.28956918207255095,973,0.0
84070018.0,0.2895691478720055,974,0.0
84070019.0,0.2895691227755029,975,0.0
84070020.0,1.9304191379314783,976,1.0
